"filename", "language", "JavaScript", "Markdown", "Vue", "JSON", "HTML", "Properties", "CSS", "comment", "blank", "total"
"f:\JavaProject\SpringCloud\projects\OpenTool-Cloud\opentool-ui\.eslintrc.cjs", "JavaScript", 10, 0, 0, 0, 0, 0, 0, 1, 1, 12
"f:\JavaProject\SpringCloud\projects\OpenTool-Cloud\opentool-ui\README.md", "Markdown", 0, 49, 0, 0, 0, 0, 0, 0, 41, 90
"f:\JavaProject\SpringCloud\projects\OpenTool-Cloud\opentool-ui\index.html", "HTML", 0, 0, 0, 0, 15, 0, 0, 0, 1, 16
"f:\JavaProject\SpringCloud\projects\OpenTool-Cloud\opentool-ui\package-lock.json", "JSON", 0, 0, 0, 6234, 0, 0, 0, 0, 1, 6235
"f:\JavaProject\SpringCloud\projects\OpenTool-Cloud\opentool-ui\package.json", "JSON", 0, 0, 0, 38, 0, 0, 0, 0, 1, 39
"f:\JavaProject\SpringCloud\projects\OpenTool-Cloud\opentool-ui\src\App.vue", "Vue", 0, 0, 27, 0, 0, 0, 0, 2, 6, 35
"f:\JavaProject\SpringCloud\projects\OpenTool-Cloud\opentool-ui\src\assets\icons\demo.css", "CSS", 0, 0, 0, 0, 0, 0, 435, 19, 86, 540
"f:\JavaProject\SpringCloud\projects\OpenTool-Cloud\opentool-ui\src\assets\icons\demo_index.html", "HTML", 0, 0, 0, 0, 831, 0, 0, 2, 115, 948
"f:\JavaProject\SpringCloud\projects\OpenTool-Cloud\opentool-ui\src\assets\icons\iconfont.css", "CSS", 0, 0, 0, 0, 0, 0, 119, 1, 37, 157
"f:\JavaProject\SpringCloud\projects\OpenTool-Cloud\opentool-ui\src\assets\icons\iconfont.js", "JavaScript", 1, 0, 0, 0, 0, 0, 0, 0, 0, 1
"f:\JavaProject\SpringCloud\projects\OpenTool-Cloud\opentool-ui\src\assets\icons\iconfont.json", "JSON", 0, 0, 0, 240, 0, 0, 0, 0, 1, 241
"f:\JavaProject\SpringCloud\projects\OpenTool-Cloud\opentool-ui\src\assets\json\aqi-beijing.json", "JSON", 0, 0, 0, 1, 0, 0, 0, 0, 0, 1
"f:\JavaProject\SpringCloud\projects\OpenTool-Cloud\opentool-ui\src\assets\json\les-miserables.json", "JSON", 0, 0, 0, 248, 0, 0, 0, 0, 0, 248
"f:\JavaProject\SpringCloud\projects\OpenTool-Cloud\opentool-ui\src\assets\json\programmer.json", "JSON", 0, 0, 0, 1, 0, 0, 0, 0, 0, 1
"f:\JavaProject\SpringCloud\projects\OpenTool-Cloud\opentool-ui\src\assets\models\akari_gril_vts\akari.cdi3.json", "JSON", 0, 0, 0, 1634, 0, 0, 0, 0, 0, 1634
"f:\JavaProject\SpringCloud\projects\OpenTool-Cloud\opentool-ui\src\assets\models\akari_gril_vts\akari.model3.json", "JSON", 0, 0, 0, 78, 0, 0, 0, 0, 0, 78
"f:\JavaProject\SpringCloud\projects\OpenTool-Cloud\opentool-ui\src\assets\models\akari_gril_vts\akari.physics3.json", "JSON", 0, 0, 0, 2655, 0, 0, 0, 0, 0, 2655
"f:\JavaProject\SpringCloud\projects\OpenTool-Cloud\opentool-ui\src\assets\models\akari_gril_vts\akari.userdata3.json", "JSON", 0, 0, 0, 24, 0, 0, 0, 0, 0, 24
"f:\JavaProject\SpringCloud\projects\OpenTool-Cloud\opentool-ui\src\assets\models\akari_gril_vts\akari.vtube.json", "JSON", 0, 0, 0, 934, 0, 0, 0, 0, 0, 934
"f:\JavaProject\SpringCloud\projects\OpenTool-Cloud\opentool-ui\src\assets\models\akari_gril_vts\animations\Idle_2.motion3.json", "JSON", 0, 0, 0, 589, 0, 0, 0, 0, 0, 589
"f:\JavaProject\SpringCloud\projects\OpenTool-Cloud\opentool-ui\src\assets\models\akari_gril_vts\animations\Love.motion3.json", "JSON", 0, 0, 0, 1081, 0, 0, 0, 0, 0, 1081
"f:\JavaProject\SpringCloud\projects\OpenTool-Cloud\opentool-ui\src\assets\models\akari_gril_vts\animations\Shock.motion3.json", "JSON", 0, 0, 0, 751, 0, 0, 0, 0, 0, 751
"f:\JavaProject\SpringCloud\projects\OpenTool-Cloud\opentool-ui\src\assets\models\akari_gril_vts\expressions\EyesCry.exp3.json", "JSON", 0, 0, 0, 15, 0, 0, 0, 0, 0, 15
"f:\JavaProject\SpringCloud\projects\OpenTool-Cloud\opentool-ui\src\assets\models\akari_gril_vts\expressions\EyesLove.exp3.json", "JSON", 0, 0, 0, 15, 0, 0, 0, 0, 0, 15
"f:\JavaProject\SpringCloud\projects\OpenTool-Cloud\opentool-ui\src\assets\models\akari_gril_vts\expressions\SignAngry.exp3.json", "JSON", 0, 0, 0, 10, 0, 0, 0, 0, 0, 10
"f:\JavaProject\SpringCloud\projects\OpenTool-Cloud\opentool-ui\src\assets\models\akari_gril_vts\expressions\SignShock.exp3.json", "JSON", 0, 0, 0, 10, 0, 0, 0, 0, 0, 10
"f:\JavaProject\SpringCloud\projects\OpenTool-Cloud\opentool-ui\src\assets\models\akari_gril_vts\items_pinned_to_model.json", "JSON", 0, 0, 0, 14, 0, 0, 0, 0, 0, 14
"f:\JavaProject\SpringCloud\projects\OpenTool-Cloud\opentool-ui\src\assets\models\hijiki_cat_vts\animations\00_idle.motion3.json", "JSON", 0, 0, 0, 1035, 0, 0, 0, 0, 0, 1035
"f:\JavaProject\SpringCloud\projects\OpenTool-Cloud\opentool-ui\src\assets\models\hijiki_cat_vts\animations\01.motion3.json", "JSON", 0, 0, 0, 2421, 0, 0, 0, 0, 0, 2421
"f:\JavaProject\SpringCloud\projects\OpenTool-Cloud\opentool-ui\src\assets\models\hijiki_cat_vts\animations\02.motion3.json", "JSON", 0, 0, 0, 991, 0, 0, 0, 0, 0, 991
"f:\JavaProject\SpringCloud\projects\OpenTool-Cloud\opentool-ui\src\assets\models\hijiki_cat_vts\animations\03.motion3.json", "JSON", 0, 0, 0, 1224, 0, 0, 0, 0, 0, 1224
"f:\JavaProject\SpringCloud\projects\OpenTool-Cloud\opentool-ui\src\assets\models\hijiki_cat_vts\animations\04.motion3.json", "JSON", 0, 0, 0, 1059, 0, 0, 0, 0, 0, 1059
"f:\JavaProject\SpringCloud\projects\OpenTool-Cloud\opentool-ui\src\assets\models\hijiki_cat_vts\animations\05.motion3.json", "JSON", 0, 0, 0, 1025, 0, 0, 0, 0, 0, 1025
"f:\JavaProject\SpringCloud\projects\OpenTool-Cloud\opentool-ui\src\assets\models\hijiki_cat_vts\animations\06.motion3.json", "JSON", 0, 0, 0, 1722, 0, 0, 0, 0, 0, 1722
"f:\JavaProject\SpringCloud\projects\OpenTool-Cloud\opentool-ui\src\assets\models\hijiki_cat_vts\animations\07.motion3.json", "JSON", 0, 0, 0, 1018, 0, 0, 0, 0, 0, 1018
"f:\JavaProject\SpringCloud\projects\OpenTool-Cloud\opentool-ui\src\assets\models\hijiki_cat_vts\animations\08.motion3.json", "JSON", 0, 0, 0, 941, 0, 0, 0, 0, 0, 941
"f:\JavaProject\SpringCloud\projects\OpenTool-Cloud\opentool-ui\src\assets\models\hijiki_cat_vts\hijiki.cdi3.json", "JSON", 0, 0, 0, 250, 0, 0, 0, 0, 0, 250
"f:\JavaProject\SpringCloud\projects\OpenTool-Cloud\opentool-ui\src\assets\models\hijiki_cat_vts\hijiki.model3.json", "JSON", 0, 0, 0, 10, 0, 0, 0, 0, 0, 10
"f:\JavaProject\SpringCloud\projects\OpenTool-Cloud\opentool-ui\src\assets\models\hijiki_cat_vts\hijiki.vtube.json", "JSON", 0, 0, 0, 290, 0, 0, 0, 0, 0, 290
"f:\JavaProject\SpringCloud\projects\OpenTool-Cloud\opentool-ui\src\assets\models\hijiki_cat_vts\items_pinned_to_model.json", "JSON", 0, 0, 0, 14, 0, 0, 0, 0, 0, 14
"f:\JavaProject\SpringCloud\projects\OpenTool-Cloud\opentool-ui\src\assets\models\hiyori_gril_vts\animations\hiyori_m01.motion3.json", "JSON", 0, 0, 0, 1194, 0, 0, 0, 0, 0, 1194
"f:\JavaProject\SpringCloud\projects\OpenTool-Cloud\opentool-ui\src\assets\models\hiyori_gril_vts\animations\hiyori_m02.motion3.json", "JSON", 0, 0, 0, 1595, 0, 0, 0, 0, 0, 1595
"f:\JavaProject\SpringCloud\projects\OpenTool-Cloud\opentool-ui\src\assets\models\hiyori_gril_vts\animations\hiyori_m03.motion3.json", "JSON", 0, 0, 0, 1427, 0, 0, 0, 0, 0, 1427
"f:\JavaProject\SpringCloud\projects\OpenTool-Cloud\opentool-ui\src\assets\models\hiyori_gril_vts\animations\hiyori_m04.motion3.json", "JSON", 0, 0, 0, 991, 0, 0, 0, 0, 0, 991
"f:\JavaProject\SpringCloud\projects\OpenTool-Cloud\opentool-ui\src\assets\models\hiyori_gril_vts\animations\hiyori_m05.motion3.json", "JSON", 0, 0, 0, 1779, 0, 0, 0, 0, 0, 1779
"f:\JavaProject\SpringCloud\projects\OpenTool-Cloud\opentool-ui\src\assets\models\hiyori_gril_vts\animations\hiyori_m06.motion3.json", "JSON", 0, 0, 0, 2094, 0, 0, 0, 0, 0, 2094
"f:\JavaProject\SpringCloud\projects\OpenTool-Cloud\opentool-ui\src\assets\models\hiyori_gril_vts\animations\hiyori_m07.motion3.json", "JSON", 0, 0, 0, 1126, 0, 0, 0, 0, 0, 1126
"f:\JavaProject\SpringCloud\projects\OpenTool-Cloud\opentool-ui\src\assets\models\hiyori_gril_vts\animations\hiyori_m08.motion3.json", "JSON", 0, 0, 0, 1212, 0, 0, 0, 0, 0, 1212
"f:\JavaProject\SpringCloud\projects\OpenTool-Cloud\opentool-ui\src\assets\models\hiyori_gril_vts\animations\hiyori_m09.motion3.json", "JSON", 0, 0, 0, 1315, 0, 0, 0, 0, 0, 1315
"f:\JavaProject\SpringCloud\projects\OpenTool-Cloud\opentool-ui\src\assets\models\hiyori_gril_vts\animations\hiyori_m10.motion3.json", "JSON", 0, 0, 0, 1077, 0, 0, 0, 0, 0, 1077
"f:\JavaProject\SpringCloud\projects\OpenTool-Cloud\opentool-ui\src\assets\models\hiyori_gril_vts\hiyori.cdi3.json", "JSON", 0, 0, 0, 562, 0, 0, 0, 0, 0, 562
"f:\JavaProject\SpringCloud\projects\OpenTool-Cloud\opentool-ui\src\assets\models\hiyori_gril_vts\hiyori.model3.json", "JSON", 0, 0, 0, 29, 0, 0, 0, 0, 0, 29
"f:\JavaProject\SpringCloud\projects\OpenTool-Cloud\opentool-ui\src\assets\models\hiyori_gril_vts\hiyori.physics3.json", "JSON", 0, 0, 0, 1569, 0, 0, 0, 0, 0, 1569
"f:\JavaProject\SpringCloud\projects\OpenTool-Cloud\opentool-ui\src\assets\models\hiyori_gril_vts\hiyori.vtube.json", "JSON", 0, 0, 0, 642, 0, 0, 0, 0, 0, 642
"f:\JavaProject\SpringCloud\projects\OpenTool-Cloud\opentool-ui\src\assets\models\hiyori_gril_vts\items_pinned_to_model.json", "JSON", 0, 0, 0, 14, 0, 0, 0, 0, 0, 14
"f:\JavaProject\SpringCloud\projects\OpenTool-Cloud\opentool-ui\src\assets\models\rem\rem.json", "JSON", 0, 0, 0, 192, 0, 0, 0, 0, 1, 193
"f:\JavaProject\SpringCloud\projects\OpenTool-Cloud\opentool-ui\src\assets\models\rem\remu.physics.json", "JSON", 0, 0, 0, 347, 0, 0, 0, 0, 0, 347
"f:\JavaProject\SpringCloud\projects\OpenTool-Cloud\opentool-ui\src\assets\models\rem\remu.pose.json", "JSON", 0, 0, 0, 21, 0, 0, 0, 0, 0, 21
"f:\JavaProject\SpringCloud\projects\OpenTool-Cloud\opentool-ui\src\assets\models\tororo_cat_vts\animations\00_idle.motion3.json", "JSON", 0, 0, 0, 1035, 0, 0, 0, 0, 0, 1035
"f:\JavaProject\SpringCloud\projects\OpenTool-Cloud\opentool-ui\src\assets\models\tororo_cat_vts\animations\01.motion3.json", "JSON", 0, 0, 0, 2421, 0, 0, 0, 0, 0, 2421
"f:\JavaProject\SpringCloud\projects\OpenTool-Cloud\opentool-ui\src\assets\models\tororo_cat_vts\animations\02.motion3.json", "JSON", 0, 0, 0, 991, 0, 0, 0, 0, 0, 991
"f:\JavaProject\SpringCloud\projects\OpenTool-Cloud\opentool-ui\src\assets\models\tororo_cat_vts\animations\03.motion3.json", "JSON", 0, 0, 0, 1224, 0, 0, 0, 0, 0, 1224
"f:\JavaProject\SpringCloud\projects\OpenTool-Cloud\opentool-ui\src\assets\models\tororo_cat_vts\animations\04.motion3.json", "JSON", 0, 0, 0, 1059, 0, 0, 0, 0, 0, 1059
"f:\JavaProject\SpringCloud\projects\OpenTool-Cloud\opentool-ui\src\assets\models\tororo_cat_vts\animations\05.motion3.json", "JSON", 0, 0, 0, 1025, 0, 0, 0, 0, 0, 1025
"f:\JavaProject\SpringCloud\projects\OpenTool-Cloud\opentool-ui\src\assets\models\tororo_cat_vts\animations\06.motion3.json", "JSON", 0, 0, 0, 1722, 0, 0, 0, 0, 0, 1722
"f:\JavaProject\SpringCloud\projects\OpenTool-Cloud\opentool-ui\src\assets\models\tororo_cat_vts\animations\07.motion3.json", "JSON", 0, 0, 0, 1018, 0, 0, 0, 0, 0, 1018
"f:\JavaProject\SpringCloud\projects\OpenTool-Cloud\opentool-ui\src\assets\models\tororo_cat_vts\animations\08.motion3.json", "JSON", 0, 0, 0, 941, 0, 0, 0, 0, 0, 941
"f:\JavaProject\SpringCloud\projects\OpenTool-Cloud\opentool-ui\src\assets\models\tororo_cat_vts\tororo.cdi3.json", "JSON", 0, 0, 0, 250, 0, 0, 0, 0, 0, 250
"f:\JavaProject\SpringCloud\projects\OpenTool-Cloud\opentool-ui\src\assets\models\tororo_cat_vts\tororo.model3.json", "JSON", 0, 0, 0, 10, 0, 0, 0, 0, 0, 10
"f:\JavaProject\SpringCloud\projects\OpenTool-Cloud\opentool-ui\src\assets\models\tororo_cat_vts\tororo.vtube.json", "JSON", 0, 0, 0, 290, 0, 0, 0, 0, 0, 290
"f:\JavaProject\SpringCloud\projects\OpenTool-Cloud\opentool-ui\src\assets\models\wanko_dog_vts\animations\idle_01.motion3.json", "JSON", 0, 0, 0, 699, 0, 0, 0, 0, 0, 699
"f:\JavaProject\SpringCloud\projects\OpenTool-Cloud\opentool-ui\src\assets\models\wanko_dog_vts\animations\idle_02.motion3.json", "JSON", 0, 0, 0, 818, 0, 0, 0, 0, 0, 818
"f:\JavaProject\SpringCloud\projects\OpenTool-Cloud\opentool-ui\src\assets\models\wanko_dog_vts\animations\idle_03.motion3.json", "JSON", 0, 0, 0, 783, 0, 0, 0, 0, 0, 783
"f:\JavaProject\SpringCloud\projects\OpenTool-Cloud\opentool-ui\src\assets\models\wanko_dog_vts\animations\idle_04.motion3.json", "JSON", 0, 0, 0, 636, 0, 0, 0, 0, 0, 636
"f:\JavaProject\SpringCloud\projects\OpenTool-Cloud\opentool-ui\src\assets\models\wanko_dog_vts\animations\shake_01.motion3.json", "JSON", 0, 0, 0, 748, 0, 0, 0, 0, 0, 748
"f:\JavaProject\SpringCloud\projects\OpenTool-Cloud\opentool-ui\src\assets\models\wanko_dog_vts\animations\shake_02.motion3.json", "JSON", 0, 0, 0, 867, 0, 0, 0, 0, 0, 867
"f:\JavaProject\SpringCloud\projects\OpenTool-Cloud\opentool-ui\src\assets\models\wanko_dog_vts\animations\touch_01.motion3.json", "JSON", 0, 0, 0, 594, 0, 0, 0, 0, 0, 594
"f:\JavaProject\SpringCloud\projects\OpenTool-Cloud\opentool-ui\src\assets\models\wanko_dog_vts\animations\touch_02.motion3.json", "JSON", 0, 0, 0, 699, 0, 0, 0, 0, 0, 699
"f:\JavaProject\SpringCloud\projects\OpenTool-Cloud\opentool-ui\src\assets\models\wanko_dog_vts\animations\touch_03.motion3.json", "JSON", 0, 0, 0, 643, 0, 0, 0, 0, 0, 643
"f:\JavaProject\SpringCloud\projects\OpenTool-Cloud\opentool-ui\src\assets\models\wanko_dog_vts\animations\touch_04.motion3.json", "JSON", 0, 0, 0, 615, 0, 0, 0, 0, 0, 615
"f:\JavaProject\SpringCloud\projects\OpenTool-Cloud\opentool-ui\src\assets\models\wanko_dog_vts\animations\touch_05.motion3.json", "JSON", 0, 0, 0, 510, 0, 0, 0, 0, 0, 510
"f:\JavaProject\SpringCloud\projects\OpenTool-Cloud\opentool-ui\src\assets\models\wanko_dog_vts\animations\touch_06.motion3.json", "JSON", 0, 0, 0, 720, 0, 0, 0, 0, 0, 720
"f:\JavaProject\SpringCloud\projects\OpenTool-Cloud\opentool-ui\src\assets\models\wanko_dog_vts\items_pinned_to_model.json", "JSON", 0, 0, 0, 14, 0, 0, 0, 0, 0, 14
"f:\JavaProject\SpringCloud\projects\OpenTool-Cloud\opentool-ui\src\assets\models\wanko_dog_vts\wanko.cdi3.json", "JSON", 0, 0, 0, 276, 0, 0, 0, 0, 0, 276
"f:\JavaProject\SpringCloud\projects\OpenTool-Cloud\opentool-ui\src\assets\models\wanko_dog_vts\wanko.model3.json", "JSON", 0, 0, 0, 10, 0, 0, 0, 0, 0, 10
"f:\JavaProject\SpringCloud\projects\OpenTool-Cloud\opentool-ui\src\assets\models\wanko_dog_vts\wanko.vtube.json", "JSON", 0, 0, 0, 290, 0, 0, 0, 0, 0, 290
"f:\JavaProject\SpringCloud\projects\OpenTool-Cloud\opentool-ui\src\assets\models\兔兔\520兔兔.cdi3.json", "JSON", 0, 0, 0, 480, 0, 0, 0, 0, 0, 480
"f:\JavaProject\SpringCloud\projects\OpenTool-Cloud\opentool-ui\src\assets\models\兔兔\520兔兔.model3.json", "JSON", 0, 0, 0, 47, 0, 0, 0, 0, 0, 47
"f:\JavaProject\SpringCloud\projects\OpenTool-Cloud\opentool-ui\src\assets\models\兔兔\520兔兔.physics3.json", "JSON", 0, 0, 0, 965, 0, 0, 0, 0, 0, 965
"f:\JavaProject\SpringCloud\projects\OpenTool-Cloud\opentool-ui\src\assets\models\兔兔\520兔兔.prprl2d.json", "JSON", 0, 0, 0, 342, 0, 0, 0, 0, 1, 343
"f:\JavaProject\SpringCloud\projects\OpenTool-Cloud\opentool-ui\src\assets\models\兔兔\ARKitFaceTrackerSettingBeta.json", "JSON", 0, 0, 0, 211, 0, 0, 0, 0, 1, 212
"f:\JavaProject\SpringCloud\projects\OpenTool-Cloud\opentool-ui\src\assets\models\兔兔\expressions\angry.exp3.json", "JSON", 0, 0, 0, 10, 0, 0, 0, 0, 0, 10
"f:\JavaProject\SpringCloud\projects\OpenTool-Cloud\opentool-ui\src\assets\models\兔兔\expressions\cry.exp3.json", "JSON", 0, 0, 0, 10, 0, 0, 0, 0, 0, 10
"f:\JavaProject\SpringCloud\projects\OpenTool-Cloud\opentool-ui\src\assets\models\兔兔\expressions\hands.exp3.json", "JSON", 0, 0, 0, 10, 0, 0, 0, 0, 0, 10
"f:\JavaProject\SpringCloud\projects\OpenTool-Cloud\opentool-ui\src\assets\models\兔兔\expressions\shy.exp3.json", "JSON", 0, 0, 0, 10, 0, 0, 0, 0, 0, 10
"f:\JavaProject\SpringCloud\projects\OpenTool-Cloud\opentool-ui\src\assets\models\其他\Haru\Haru.cdi3.json", "JSON", 0, 0, 0, 334, 0, 0, 0, 0, 0, 334
"f:\JavaProject\SpringCloud\projects\OpenTool-Cloud\opentool-ui\src\assets\models\其他\Haru\Haru.model3.json", "JSON", 0, 0, 0, 115, 0, 0, 0, 0, 0, 115
"f:\JavaProject\SpringCloud\projects\OpenTool-Cloud\opentool-ui\src\assets\models\其他\Haru\Haru.physics3.json", "JSON", 0, 0, 0, 373, 0, 0, 0, 0, 0, 373
"f:\JavaProject\SpringCloud\projects\OpenTool-Cloud\opentool-ui\src\assets\models\其他\Haru\Haru.pose3.json", "JSON", 0, 0, 0, 25, 0, 0, 0, 0, 0, 25
"f:\JavaProject\SpringCloud\projects\OpenTool-Cloud\opentool-ui\src\assets\models\其他\Haru\Haru.userdata3.json", "JSON", 0, 0, 0, 24, 0, 0, 0, 0, 0, 24
"f:\JavaProject\SpringCloud\projects\OpenTool-Cloud\opentool-ui\src\assets\models\其他\Haru\expressions\F01.exp3.json", "JSON", 0, 0, 0, 10, 0, 0, 0, 0, 0, 10
"f:\JavaProject\SpringCloud\projects\OpenTool-Cloud\opentool-ui\src\assets\models\其他\Haru\expressions\F02.exp3.json", "JSON", 0, 0, 0, 35, 0, 0, 0, 0, 0, 35
"f:\JavaProject\SpringCloud\projects\OpenTool-Cloud\opentool-ui\src\assets\models\其他\Haru\expressions\F03.exp3.json", "JSON", 0, 0, 0, 55, 0, 0, 0, 0, 0, 55
"f:\JavaProject\SpringCloud\projects\OpenTool-Cloud\opentool-ui\src\assets\models\其他\Haru\expressions\F04.exp3.json", "JSON", 0, 0, 0, 60, 0, 0, 0, 0, 0, 60
"f:\JavaProject\SpringCloud\projects\OpenTool-Cloud\opentool-ui\src\assets\models\其他\Haru\expressions\F05.exp3.json", "JSON", 0, 0, 0, 35, 0, 0, 0, 0, 0, 35
"f:\JavaProject\SpringCloud\projects\OpenTool-Cloud\opentool-ui\src\assets\models\其他\Haru\expressions\F06.exp3.json", "JSON", 0, 0, 0, 35, 0, 0, 0, 0, 0, 35
"f:\JavaProject\SpringCloud\projects\OpenTool-Cloud\opentool-ui\src\assets\models\其他\Haru\expressions\F07.exp3.json", "JSON", 0, 0, 0, 65, 0, 0, 0, 0, 0, 65
"f:\JavaProject\SpringCloud\projects\OpenTool-Cloud\opentool-ui\src\assets\models\其他\Haru\expressions\F08.exp3.json", "JSON", 0, 0, 0, 30, 0, 0, 0, 0, 0, 30
"f:\JavaProject\SpringCloud\projects\OpenTool-Cloud\opentool-ui\src\assets\models\其他\Haru\motions\haru_g_idle.motion3.json", "JSON", 0, 0, 0, 2260, 0, 0, 0, 0, 0, 2260
"f:\JavaProject\SpringCloud\projects\OpenTool-Cloud\opentool-ui\src\assets\models\其他\Haru\motions\haru_g_m01.motion3.json", "JSON", 0, 0, 0, 1189, 0, 0, 0, 0, 0, 1189
"f:\JavaProject\SpringCloud\projects\OpenTool-Cloud\opentool-ui\src\assets\models\其他\Haru\motions\haru_g_m02.motion3.json", "JSON", 0, 0, 0, 1214, 0, 0, 0, 0, 0, 1214
"f:\JavaProject\SpringCloud\projects\OpenTool-Cloud\opentool-ui\src\assets\models\其他\Haru\motions\haru_g_m03.motion3.json", "JSON", 0, 0, 0, 1735, 0, 0, 0, 0, 0, 1735
"f:\JavaProject\SpringCloud\projects\OpenTool-Cloud\opentool-ui\src\assets\models\其他\Haru\motions\haru_g_m04.motion3.json", "JSON", 0, 0, 0, 2484, 0, 0, 0, 0, 0, 2484
"f:\JavaProject\SpringCloud\projects\OpenTool-Cloud\opentool-ui\src\assets\models\其他\Haru\motions\haru_g_m05.motion3.json", "JSON", 0, 0, 0, 1441, 0, 0, 0, 0, 0, 1441
"f:\JavaProject\SpringCloud\projects\OpenTool-Cloud\opentool-ui\src\assets\models\其他\Haru\motions\haru_g_m06.motion3.json", "JSON", 0, 0, 0, 1539, 0, 0, 0, 0, 0, 1539
"f:\JavaProject\SpringCloud\projects\OpenTool-Cloud\opentool-ui\src\assets\models\其他\Haru\motions\haru_g_m07.motion3.json", "JSON", 0, 0, 0, 1497, 0, 0, 0, 0, 0, 1497
"f:\JavaProject\SpringCloud\projects\OpenTool-Cloud\opentool-ui\src\assets\models\其他\Haru\motions\haru_g_m08.motion3.json", "JSON", 0, 0, 0, 1581, 0, 0, 0, 0, 0, 1581
"f:\JavaProject\SpringCloud\projects\OpenTool-Cloud\opentool-ui\src\assets\models\其他\Haru\motions\haru_g_m09.motion3.json", "JSON", 0, 0, 0, 2691, 0, 0, 0, 0, 0, 2691
"f:\JavaProject\SpringCloud\projects\OpenTool-Cloud\opentool-ui\src\assets\models\其他\Haru\motions\haru_g_m10.motion3.json", "JSON", 0, 0, 0, 3706, 0, 0, 0, 0, 0, 3706
"f:\JavaProject\SpringCloud\projects\OpenTool-Cloud\opentool-ui\src\assets\models\其他\Haru\motions\haru_g_m11.motion3.json", "JSON", 0, 0, 0, 1455, 0, 0, 0, 0, 0, 1455
"f:\JavaProject\SpringCloud\projects\OpenTool-Cloud\opentool-ui\src\assets\models\其他\Haru\motions\haru_g_m12.motion3.json", "JSON", 0, 0, 0, 2352, 0, 0, 0, 0, 0, 2352
"f:\JavaProject\SpringCloud\projects\OpenTool-Cloud\opentool-ui\src\assets\models\其他\Haru\motions\haru_g_m13.motion3.json", "JSON", 0, 0, 0, 1133, 0, 0, 0, 0, 0, 1133
"f:\JavaProject\SpringCloud\projects\OpenTool-Cloud\opentool-ui\src\assets\models\其他\Haru\motions\haru_g_m14.motion3.json", "JSON", 0, 0, 0, 2176, 0, 0, 0, 0, 0, 2176
"f:\JavaProject\SpringCloud\projects\OpenTool-Cloud\opentool-ui\src\assets\models\其他\Haru\motions\haru_g_m15.motion3.json", "JSON", 0, 0, 0, 1357, 0, 0, 0, 0, 0, 1357
"f:\JavaProject\SpringCloud\projects\OpenTool-Cloud\opentool-ui\src\assets\models\其他\Haru\motions\haru_g_m16.motion3.json", "JSON", 0, 0, 0, 1917, 0, 0, 0, 0, 0, 1917
"f:\JavaProject\SpringCloud\projects\OpenTool-Cloud\opentool-ui\src\assets\models\其他\Haru\motions\haru_g_m17.motion3.json", "JSON", 0, 0, 0, 1637, 0, 0, 0, 0, 0, 1637
"f:\JavaProject\SpringCloud\projects\OpenTool-Cloud\opentool-ui\src\assets\models\其他\Haru\motions\haru_g_m18.motion3.json", "JSON", 0, 0, 0, 1343, 0, 0, 0, 0, 0, 1343
"f:\JavaProject\SpringCloud\projects\OpenTool-Cloud\opentool-ui\src\assets\models\其他\Haru\motions\haru_g_m19.motion3.json", "JSON", 0, 0, 0, 1105, 0, 0, 0, 0, 0, 1105
"f:\JavaProject\SpringCloud\projects\OpenTool-Cloud\opentool-ui\src\assets\models\其他\Haru\motions\haru_g_m20.motion3.json", "JSON", 0, 0, 0, 2477, 0, 0, 0, 0, 0, 2477
"f:\JavaProject\SpringCloud\projects\OpenTool-Cloud\opentool-ui\src\assets\models\其他\Haru\motions\haru_g_m21.motion3.json", "JSON", 0, 0, 0, 2568, 0, 0, 0, 0, 0, 2568
"f:\JavaProject\SpringCloud\projects\OpenTool-Cloud\opentool-ui\src\assets\models\其他\Haru\motions\haru_g_m22.motion3.json", "JSON", 0, 0, 0, 2964, 0, 0, 0, 0, 0, 2964
"f:\JavaProject\SpringCloud\projects\OpenTool-Cloud\opentool-ui\src\assets\models\其他\Haru\motions\haru_g_m23.motion3.json", "JSON", 0, 0, 0, 1721, 0, 0, 0, 0, 0, 1721
"f:\JavaProject\SpringCloud\projects\OpenTool-Cloud\opentool-ui\src\assets\models\其他\Haru\motions\haru_g_m24.motion3.json", "JSON", 0, 0, 0, 1854, 0, 0, 0, 0, 0, 1854
"f:\JavaProject\SpringCloud\projects\OpenTool-Cloud\opentool-ui\src\assets\models\其他\Haru\motions\haru_g_m25.motion3.json", "JSON", 0, 0, 0, 1805, 0, 0, 0, 0, 0, 1805
"f:\JavaProject\SpringCloud\projects\OpenTool-Cloud\opentool-ui\src\assets\models\其他\Haru\motions\haru_g_m26.motion3.json", "JSON", 0, 0, 0, 2470, 0, 0, 0, 0, 0, 2470
"f:\JavaProject\SpringCloud\projects\OpenTool-Cloud\opentool-ui\src\assets\models\其他\Hiyori\Hiyori.cdi3.json", "JSON", 0, 0, 0, 523, 0, 0, 0, 0, 0, 523
"f:\JavaProject\SpringCloud\projects\OpenTool-Cloud\opentool-ui\src\assets\models\其他\Hiyori\Hiyori.model3.json", "JSON", 0, 0, 0, 93, 0, 0, 0, 0, 0, 93
"f:\JavaProject\SpringCloud\projects\OpenTool-Cloud\opentool-ui\src\assets\models\其他\Hiyori\Hiyori.physics3.json", "JSON", 0, 0, 0, 1569, 0, 0, 0, 0, 0, 1569
"f:\JavaProject\SpringCloud\projects\OpenTool-Cloud\opentool-ui\src\assets\models\其他\Hiyori\Hiyori.pose3.json", "JSON", 0, 0, 0, 16, 0, 0, 0, 0, 0, 16
"f:\JavaProject\SpringCloud\projects\OpenTool-Cloud\opentool-ui\src\assets\models\其他\Hiyori\Hiyori.userdata3.json", "JSON", 0, 0, 0, 44, 0, 0, 0, 0, 0, 44
"f:\JavaProject\SpringCloud\projects\OpenTool-Cloud\opentool-ui\src\assets\models\其他\Hiyori\motions\Hiyori_m01.motion3.json", "JSON", 0, 0, 0, 1085, 0, 0, 0, 0, 0, 1085
"f:\JavaProject\SpringCloud\projects\OpenTool-Cloud\opentool-ui\src\assets\models\其他\Hiyori\motions\Hiyori_m02.motion3.json", "JSON", 0, 0, 0, 1478, 0, 0, 0, 0, 0, 1478
"f:\JavaProject\SpringCloud\projects\OpenTool-Cloud\opentool-ui\src\assets\models\其他\Hiyori\motions\Hiyori_m03.motion3.json", "JSON", 0, 0, 0, 1331, 0, 0, 0, 0, 0, 1331
"f:\JavaProject\SpringCloud\projects\OpenTool-Cloud\opentool-ui\src\assets\models\其他\Hiyori\motions\Hiyori_m04.motion3.json", "JSON", 0, 0, 0, 882, 0, 0, 0, 0, 0, 882
"f:\JavaProject\SpringCloud\projects\OpenTool-Cloud\opentool-ui\src\assets\models\其他\Hiyori\motions\Hiyori_m05.motion3.json", "JSON", 0, 0, 0, 1670, 0, 0, 0, 0, 0, 1670
"f:\JavaProject\SpringCloud\projects\OpenTool-Cloud\opentool-ui\src\assets\models\其他\Hiyori\motions\Hiyori_m06.motion3.json", "JSON", 0, 0, 0, 1990, 0, 0, 0, 0, 0, 1990
"f:\JavaProject\SpringCloud\projects\OpenTool-Cloud\opentool-ui\src\assets\models\其他\Hiyori\motions\Hiyori_m07.motion3.json", "JSON", 0, 0, 0, 991, 0, 0, 0, 0, 0, 991
"f:\JavaProject\SpringCloud\projects\OpenTool-Cloud\opentool-ui\src\assets\models\其他\Hiyori\motions\Hiyori_m08.motion3.json", "JSON", 0, 0, 0, 1087, 0, 0, 0, 0, 0, 1087
"f:\JavaProject\SpringCloud\projects\OpenTool-Cloud\opentool-ui\src\assets\models\其他\Hiyori\motions\Hiyori_m09.motion3.json", "JSON", 0, 0, 0, 1198, 0, 0, 0, 0, 0, 1198
"f:\JavaProject\SpringCloud\projects\OpenTool-Cloud\opentool-ui\src\assets\models\其他\Hiyori\motions\Hiyori_m10.motion3.json", "JSON", 0, 0, 0, 974, 0, 0, 0, 0, 0, 974
"f:\JavaProject\SpringCloud\projects\OpenTool-Cloud\opentool-ui\src\assets\models\其他\Mao\Mao.cdi3.json", "JSON", 0, 0, 0, 783, 0, 0, 0, 0, 0, 783
"f:\JavaProject\SpringCloud\projects\OpenTool-Cloud\opentool-ui\src\assets\models\其他\Mao\Mao.model3.json", "JSON", 0, 0, 0, 95, 0, 0, 0, 0, 0, 95
"f:\JavaProject\SpringCloud\projects\OpenTool-Cloud\opentool-ui\src\assets\models\其他\Mao\Mao.physics3.json", "JSON", 0, 0, 0, 1361, 0, 0, 0, 0, 0, 1361
"f:\JavaProject\SpringCloud\projects\OpenTool-Cloud\opentool-ui\src\assets\models\其他\Mao\Mao.pose3.json", "JSON", 0, 0, 0, 25, 0, 0, 0, 0, 0, 25
"f:\JavaProject\SpringCloud\projects\OpenTool-Cloud\opentool-ui\src\assets\models\其他\Mao\expressions\exp_01.exp3.json", "JSON", 0, 0, 0, 147, 0, 0, 0, 0, 0, 147
"f:\JavaProject\SpringCloud\projects\OpenTool-Cloud\opentool-ui\src\assets\models\其他\Mao\expressions\exp_02.exp3.json", "JSON", 0, 0, 0, 147, 0, 0, 0, 0, 0, 147
"f:\JavaProject\SpringCloud\projects\OpenTool-Cloud\opentool-ui\src\assets\models\其他\Mao\expressions\exp_03.exp3.json", "JSON", 0, 0, 0, 147, 0, 0, 0, 0, 0, 147
"f:\JavaProject\SpringCloud\projects\OpenTool-Cloud\opentool-ui\src\assets\models\其他\Mao\expressions\exp_04.exp3.json", "JSON", 0, 0, 0, 147, 0, 0, 0, 0, 0, 147
"f:\JavaProject\SpringCloud\projects\OpenTool-Cloud\opentool-ui\src\assets\models\其他\Mao\expressions\exp_05.exp3.json", "JSON", 0, 0, 0, 147, 0, 0, 0, 0, 0, 147
"f:\JavaProject\SpringCloud\projects\OpenTool-Cloud\opentool-ui\src\assets\models\其他\Mao\expressions\exp_06.exp3.json", "JSON", 0, 0, 0, 147, 0, 0, 0, 0, 0, 147
"f:\JavaProject\SpringCloud\projects\OpenTool-Cloud\opentool-ui\src\assets\models\其他\Mao\expressions\exp_07.exp3.json", "JSON", 0, 0, 0, 147, 0, 0, 0, 0, 0, 147
"f:\JavaProject\SpringCloud\projects\OpenTool-Cloud\opentool-ui\src\assets\models\其他\Mao\expressions\exp_08.exp3.json", "JSON", 0, 0, 0, 147, 0, 0, 0, 0, 0, 147
"f:\JavaProject\SpringCloud\projects\OpenTool-Cloud\opentool-ui\src\assets\models\其他\Mao\motions\mtn_01.motion3.json", "JSON", 0, 0, 0, 2135, 0, 0, 0, 0, 0, 2135
"f:\JavaProject\SpringCloud\projects\OpenTool-Cloud\opentool-ui\src\assets\models\其他\Mao\motions\mtn_02.motion3.json", "JSON", 0, 0, 0, 2117, 0, 0, 0, 0, 0, 2117
"f:\JavaProject\SpringCloud\projects\OpenTool-Cloud\opentool-ui\src\assets\models\其他\Mao\motions\mtn_03.motion3.json", "JSON", 0, 0, 0, 1987, 0, 0, 0, 0, 0, 1987
"f:\JavaProject\SpringCloud\projects\OpenTool-Cloud\opentool-ui\src\assets\models\其他\Mao\motions\mtn_04.motion3.json", "JSON", 0, 0, 0, 2446, 0, 0, 0, 0, 0, 2446
"f:\JavaProject\SpringCloud\projects\OpenTool-Cloud\opentool-ui\src\assets\models\其他\Mao\motions\special_01.motion3.json", "JSON", 0, 0, 0, 3213, 0, 0, 0, 0, 0, 3213
"f:\JavaProject\SpringCloud\projects\OpenTool-Cloud\opentool-ui\src\assets\models\其他\Mao\motions\special_02.motion3.json", "JSON", 0, 0, 0, 4030, 0, 0, 0, 0, 0, 4030
"f:\JavaProject\SpringCloud\projects\OpenTool-Cloud\opentool-ui\src\assets\models\其他\Mark\Mark.cdi3.json", "JSON", 0, 0, 0, 181, 0, 0, 0, 0, 0, 181
"f:\JavaProject\SpringCloud\projects\OpenTool-Cloud\opentool-ui\src\assets\models\其他\Mark\Mark.model3.json", "JSON", 0, 0, 0, 62, 0, 0, 0, 0, 0, 62
"f:\JavaProject\SpringCloud\projects\OpenTool-Cloud\opentool-ui\src\assets\models\其他\Mark\Mark.physics3.json", "JSON", 0, 0, 0, 137, 0, 0, 0, 0, 0, 137
"f:\JavaProject\SpringCloud\projects\OpenTool-Cloud\opentool-ui\src\assets\models\其他\Mark\Mark.userdata3.json", "JSON", 0, 0, 0, 34, 0, 0, 0, 0, 0, 34
"f:\JavaProject\SpringCloud\projects\OpenTool-Cloud\opentool-ui\src\assets\models\其他\Mark\motions\mark_m01.motion3.json", "JSON", 0, 0, 0, 3085, 0, 0, 0, 0, 0, 3085
"f:\JavaProject\SpringCloud\projects\OpenTool-Cloud\opentool-ui\src\assets\models\其他\Mark\motions\mark_m02.motion3.json", "JSON", 0, 0, 0, 2060, 0, 0, 0, 0, 0, 2060
"f:\JavaProject\SpringCloud\projects\OpenTool-Cloud\opentool-ui\src\assets\models\其他\Mark\motions\mark_m03.motion3.json", "JSON", 0, 0, 0, 923, 0, 0, 0, 0, 0, 923
"f:\JavaProject\SpringCloud\projects\OpenTool-Cloud\opentool-ui\src\assets\models\其他\Mark\motions\mark_m04.motion3.json", "JSON", 0, 0, 0, 1664, 0, 0, 0, 0, 0, 1664
"f:\JavaProject\SpringCloud\projects\OpenTool-Cloud\opentool-ui\src\assets\models\其他\Mark\motions\mark_m05.motion3.json", "JSON", 0, 0, 0, 1391, 0, 0, 0, 0, 0, 1391
"f:\JavaProject\SpringCloud\projects\OpenTool-Cloud\opentool-ui\src\assets\models\其他\Mark\motions\mark_m06.motion3.json", "JSON", 0, 0, 0, 857, 0, 0, 0, 0, 0, 857
"f:\JavaProject\SpringCloud\projects\OpenTool-Cloud\opentool-ui\src\assets\models\其他\Natori\Natori.cdi3.json", "JSON", 0, 0, 0, 677, 0, 0, 0, 0, 0, 677
"f:\JavaProject\SpringCloud\projects\OpenTool-Cloud\opentool-ui\src\assets\models\其他\Natori\Natori.model3.json", "JSON", 0, 0, 0, 115, 0, 0, 0, 0, 1, 116
"f:\JavaProject\SpringCloud\projects\OpenTool-Cloud\opentool-ui\src\assets\models\其他\Natori\Natori.physics3.json", "JSON", 0, 0, 0, 966, 0, 0, 0, 0, 0, 966
"f:\JavaProject\SpringCloud\projects\OpenTool-Cloud\opentool-ui\src\assets\models\其他\Natori\Natori.pose3.json", "JSON", 0, 0, 0, 44, 0, 0, 0, 0, 0, 44
"f:\JavaProject\SpringCloud\projects\OpenTool-Cloud\opentool-ui\src\assets\models\其他\Natori\exp\Angry.exp3.json", "JSON", 0, 0, 0, 135, 0, 0, 0, 0, 0, 135
"f:\JavaProject\SpringCloud\projects\OpenTool-Cloud\opentool-ui\src\assets\models\其他\Natori\exp\Blushing.exp3.json", "JSON", 0, 0, 0, 135, 0, 0, 0, 0, 0, 135
"f:\JavaProject\SpringCloud\projects\OpenTool-Cloud\opentool-ui\src\assets\models\其他\Natori\exp\Normal.exp3.json", "JSON", 0, 0, 0, 135, 0, 0, 0, 0, 0, 135
"f:\JavaProject\SpringCloud\projects\OpenTool-Cloud\opentool-ui\src\assets\models\其他\Natori\exp\Sad.exp3.json", "JSON", 0, 0, 0, 135, 0, 0, 0, 0, 0, 135
"f:\JavaProject\SpringCloud\projects\OpenTool-Cloud\opentool-ui\src\assets\models\其他\Natori\exp\Smile.exp3.json", "JSON", 0, 0, 0, 135, 0, 0, 0, 0, 0, 135
"f:\JavaProject\SpringCloud\projects\OpenTool-Cloud\opentool-ui\src\assets\models\其他\Natori\exp\Surprised.exp3.json", "JSON", 0, 0, 0, 135, 0, 0, 0, 0, 0, 135
"f:\JavaProject\SpringCloud\projects\OpenTool-Cloud\opentool-ui\src\assets\models\其他\Natori\exp\exp_01.exp3.json", "JSON", 0, 0, 0, 135, 0, 0, 0, 0, 0, 135
"f:\JavaProject\SpringCloud\projects\OpenTool-Cloud\opentool-ui\src\assets\models\其他\Natori\exp\exp_02.exp3.json", "JSON", 0, 0, 0, 135, 0, 0, 0, 0, 0, 135
"f:\JavaProject\SpringCloud\projects\OpenTool-Cloud\opentool-ui\src\assets\models\其他\Natori\exp\exp_03.exp3.json", "JSON", 0, 0, 0, 135, 0, 0, 0, 0, 0, 135
"f:\JavaProject\SpringCloud\projects\OpenTool-Cloud\opentool-ui\src\assets\models\其他\Natori\exp\exp_04.exp3.json", "JSON", 0, 0, 0, 135, 0, 0, 0, 0, 0, 135
"f:\JavaProject\SpringCloud\projects\OpenTool-Cloud\opentool-ui\src\assets\models\其他\Natori\exp\exp_05.exp3.json", "JSON", 0, 0, 0, 135, 0, 0, 0, 0, 0, 135
"f:\JavaProject\SpringCloud\projects\OpenTool-Cloud\opentool-ui\src\assets\models\其他\Natori\motions\mtn_00.motion3.json", "JSON", 0, 0, 0, 1477, 0, 0, 0, 0, 0, 1477
"f:\JavaProject\SpringCloud\projects\OpenTool-Cloud\opentool-ui\src\assets\models\其他\Natori\motions\mtn_01.motion3.json", "JSON", 0, 0, 0, 2004, 0, 0, 0, 0, 0, 2004
"f:\JavaProject\SpringCloud\projects\OpenTool-Cloud\opentool-ui\src\assets\models\其他\Natori\motions\mtn_02.motion3.json", "JSON", 0, 0, 0, 2236, 0, 0, 0, 0, 0, 2236
"f:\JavaProject\SpringCloud\projects\OpenTool-Cloud\opentool-ui\src\assets\models\其他\Natori\motions\mtn_03.motion3.json", "JSON", 0, 0, 0, 2650, 0, 0, 0, 0, 0, 2650
"f:\JavaProject\SpringCloud\projects\OpenTool-Cloud\opentool-ui\src\assets\models\其他\Natori\motions\mtn_04.motion3.json", "JSON", 0, 0, 0, 2370, 0, 0, 0, 0, 0, 2370
"f:\JavaProject\SpringCloud\projects\OpenTool-Cloud\opentool-ui\src\assets\models\其他\Natori\motions\mtn_05.motion3.json", "JSON", 0, 0, 0, 2399, 0, 0, 0, 0, 0, 2399
"f:\JavaProject\SpringCloud\projects\OpenTool-Cloud\opentool-ui\src\assets\models\其他\Natori\motions\mtn_06.motion3.json", "JSON", 0, 0, 0, 2136, 0, 0, 0, 0, 0, 2136
"f:\JavaProject\SpringCloud\projects\OpenTool-Cloud\opentool-ui\src\assets\models\其他\Natori\motions\mtn_07.motion3.json", "JSON", 0, 0, 0, 1961, 0, 0, 0, 0, 0, 1961
"f:\JavaProject\SpringCloud\projects\OpenTool-Cloud\opentool-ui\src\assets\models\其他\Rice\Rice.cdi3.json", "JSON", 0, 0, 0, 679, 0, 0, 0, 0, 0, 679
"f:\JavaProject\SpringCloud\projects\OpenTool-Cloud\opentool-ui\src\assets\models\其他\Rice\Rice.model3.json", "JSON", 0, 0, 0, 51, 0, 0, 0, 0, 1, 52
"f:\JavaProject\SpringCloud\projects\OpenTool-Cloud\opentool-ui\src\assets\models\其他\Rice\Rice.physics3.json", "JSON", 0, 0, 0, 1508, 0, 0, 0, 0, 0, 1508
"f:\JavaProject\SpringCloud\projects\OpenTool-Cloud\opentool-ui\src\assets\models\其他\Rice\motions\idle.motion3.json", "JSON", 0, 0, 0, 1003, 0, 0, 0, 0, 0, 1003
"f:\JavaProject\SpringCloud\projects\OpenTool-Cloud\opentool-ui\src\assets\models\其他\Rice\motions\mtn_01.motion3.json", "JSON", 0, 0, 0, 2428, 0, 0, 0, 0, 0, 2428
"f:\JavaProject\SpringCloud\projects\OpenTool-Cloud\opentool-ui\src\assets\models\其他\Rice\motions\mtn_02.motion3.json", "JSON", 0, 0, 0, 1386, 0, 0, 0, 0, 0, 1386
"f:\JavaProject\SpringCloud\projects\OpenTool-Cloud\opentool-ui\src\assets\models\其他\Rice\motions\mtn_03.motion3.json", "JSON", 0, 0, 0, 2231, 0, 0, 0, 0, 0, 2231
"f:\JavaProject\SpringCloud\projects\OpenTool-Cloud\opentool-ui\src\assets\models\其他\drawing\drawing1.cdi3.json", "JSON", 0, 0, 0, 410, 0, 0, 0, 0, 0, 410
"f:\JavaProject\SpringCloud\projects\OpenTool-Cloud\opentool-ui\src\assets\models\其他\drawing\drawing1.model3.json", "JSON", 0, 0, 0, 24, 0, 0, 0, 0, 0, 24
"f:\JavaProject\SpringCloud\projects\OpenTool-Cloud\opentool-ui\src\assets\models\其他\drawing\drawing1.physics3.json", "JSON", 0, 0, 0, 1215, 0, 0, 0, 0, 0, 1215
"f:\JavaProject\SpringCloud\projects\OpenTool-Cloud\opentool-ui\src\assets\models\其他\drawing\drawing1.vtube.json", "JSON", 0, 0, 0, 389, 0, 0, 0, 0, 0, 389
"f:\JavaProject\SpringCloud\projects\OpenTool-Cloud\opentool-ui\src\assets\models\其他\drawing\items_pinned_to_model.json", "JSON", 0, 0, 0, 14, 0, 0, 0, 0, 0, 14
"f:\JavaProject\SpringCloud\projects\OpenTool-Cloud\opentool-ui\src\assets\models\姬萌\ARKitFaceTrackerSettingBeta.json", "JSON", 0, 0, 0, 211, 0, 0, 0, 0, 1, 212
"f:\JavaProject\SpringCloud\projects\OpenTool-Cloud\opentool-ui\src\assets\models\姬萌\cc_llny.cfg", "Properties", 0, 0, 0, 0, 0, 14, 0, 0, 18, 32
"f:\JavaProject\SpringCloud\projects\OpenTool-Cloud\opentool-ui\src\assets\models\姬萌\expressions\- -.exp3.json", "JSON", 0, 0, 0, 10, 0, 0, 0, 0, 0, 10
"f:\JavaProject\SpringCloud\projects\OpenTool-Cloud\opentool-ui\src\assets\models\姬萌\expressions\口罩.exp3.json", "JSON", 0, 0, 0, 10, 0, 0, 0, 0, 0, 10
"f:\JavaProject\SpringCloud\projects\OpenTool-Cloud\opentool-ui\src\assets\models\姬萌\expressions\吐舌.exp3.json", "JSON", 0, 0, 0, 10, 0, 0, 0, 0, 0, 10
"f:\JavaProject\SpringCloud\projects\OpenTool-Cloud\opentool-ui\src\assets\models\姬萌\expressions\哭.exp3.json", "JSON", 0, 0, 0, 10, 0, 0, 0, 0, 0, 10
"f:\JavaProject\SpringCloud\projects\OpenTool-Cloud\opentool-ui\src\assets\models\姬萌\expressions\外套.exp3.json", "JSON", 0, 0, 0, 10, 0, 0, 0, 0, 0, 10
"f:\JavaProject\SpringCloud\projects\OpenTool-Cloud\opentool-ui\src\assets\models\姬萌\expressions\星星.exp3.json", "JSON", 0, 0, 0, 10, 0, 0, 0, 0, 0, 10
"f:\JavaProject\SpringCloud\projects\OpenTool-Cloud\opentool-ui\src\assets\models\姬萌\expressions\比心.exp3.json", "JSON", 0, 0, 0, 10, 0, 0, 0, 0, 0, 10
"f:\JavaProject\SpringCloud\projects\OpenTool-Cloud\opentool-ui\src\assets\models\姬萌\expressions\水印.exp3.json", "JSON", 0, 0, 0, 10, 0, 0, 0, 0, 0, 10
"f:\JavaProject\SpringCloud\projects\OpenTool-Cloud\opentool-ui\src\assets\models\姬萌\expressions\生气.exp3.json", "JSON", 0, 0, 0, 10, 0, 0, 0, 0, 0, 10
"f:\JavaProject\SpringCloud\projects\OpenTool-Cloud\opentool-ui\src\assets\models\姬萌\expressions\眼镜.exp3.json", "JSON", 0, 0, 0, 10, 0, 0, 0, 0, 0, 10
"f:\JavaProject\SpringCloud\projects\OpenTool-Cloud\opentool-ui\src\assets\models\姬萌\expressions\脸红.exp3.json", "JSON", 0, 0, 0, 10, 0, 0, 0, 0, 0, 10
"f:\JavaProject\SpringCloud\projects\OpenTool-Cloud\opentool-ui\src\assets\models\姬萌\expressions\脸黑.exp3.json", "JSON", 0, 0, 0, 10, 0, 0, 0, 0, 0, 10
"f:\JavaProject\SpringCloud\projects\OpenTool-Cloud\opentool-ui\src\assets\models\姬萌\expressions\荷包蛋.exp3.json", "JSON", 0, 0, 0, 35, 0, 0, 0, 0, 0, 35
"f:\JavaProject\SpringCloud\projects\OpenTool-Cloud\opentool-ui\src\assets\models\姬萌\expressions\阿尼亚.exp3.json", "JSON", 0, 0, 0, 40, 0, 0, 0, 0, 0, 40
"f:\JavaProject\SpringCloud\projects\OpenTool-Cloud\opentool-ui\src\assets\models\姬萌\items_pinned_to_model.json", "JSON", 0, 0, 0, 14, 0, 0, 0, 0, 0, 14
"f:\JavaProject\SpringCloud\projects\OpenTool-Cloud\opentool-ui\src\assets\models\姬萌\llny.cdi3.json", "JSON", 0, 0, 0, 1300, 0, 0, 0, 0, 0, 1300
"f:\JavaProject\SpringCloud\projects\OpenTool-Cloud\opentool-ui\src\assets\models\姬萌\llny.model3.json", "JSON", 0, 0, 0, 85, 0, 0, 0, 0, 0, 85
"f:\JavaProject\SpringCloud\projects\OpenTool-Cloud\opentool-ui\src\assets\models\姬萌\llny.physics3.json", "JSON", 0, 0, 0, 5142, 0, 0, 0, 0, 0, 5142
"f:\JavaProject\SpringCloud\projects\OpenTool-Cloud\opentool-ui\src\assets\models\姬萌\llny.prprl2d.json", "JSON", 0, 0, 0, 474, 0, 0, 0, 0, 1, 475
"f:\JavaProject\SpringCloud\projects\OpenTool-Cloud\opentool-ui\src\assets\models\姬萌\llny.vtube.json", "JSON", 0, 0, 0, 1478, 0, 0, 0, 0, 0, 1478
"f:\JavaProject\SpringCloud\projects\OpenTool-Cloud\opentool-ui\src\assets\models\姬萌\motions\idel.motion3.json", "JSON", 0, 0, 0, 213, 0, 0, 0, 0, 0, 213
"f:\JavaProject\SpringCloud\projects\OpenTool-Cloud\opentool-ui\src\components\layout\LayoutPage.vue", "Vue", 0, 0, 375, 0, 0, 0, 0, 36, 35, 446
"f:\JavaProject\SpringCloud\projects\OpenTool-Cloud\opentool-ui\src\components\live2D\Live2D.vue", "Vue", 0, 0, 227, 0, 0, 0, 0, 84, 35, 346
"f:\JavaProject\SpringCloud\projects\OpenTool-Cloud\opentool-ui\src\components\menu\about\ProjectDocument.vue", "Vue", 0, 0, 13, 0, 0, 0, 0, 0, 3, 16
"f:\JavaProject\SpringCloud\projects\OpenTool-Cloud\opentool-ui\src\components\menu\about\ProjectInformation.vue", "Vue", 0, 0, 8, 0, 0, 0, 0, 0, 2, 10
"f:\JavaProject\SpringCloud\projects\OpenTool-Cloud\opentool-ui\src\components\menu\about\WelcomeContribution.vue", "Vue", 0, 0, 8, 0, 0, 0, 0, 0, 2, 10
"f:\JavaProject\SpringCloud\projects\OpenTool-Cloud\opentool-ui\src\components\menu\ai-tool\ChatGPT.vue", "Vue", 0, 0, 8, 0, 0, 0, 0, 0, 2, 10
"f:\JavaProject\SpringCloud\projects\OpenTool-Cloud\opentool-ui\src\components\menu\ai-tool\FaceRecognition.vue", "Vue", 0, 0, 8, 0, 0, 0, 0, 0, 2, 10
"f:\JavaProject\SpringCloud\projects\OpenTool-Cloud\opentool-ui\src\components\menu\api-open-platform\MapAPI.vue", "Vue", 0, 0, 8, 0, 0, 0, 0, 0, 2, 10
"f:\JavaProject\SpringCloud\projects\OpenTool-Cloud\opentool-ui\src\components\menu\api-open-platform\WeaTher.vue", "Vue", 0, 0, 8, 0, 0, 0, 0, 0, 2, 10
"f:\JavaProject\SpringCloud\projects\OpenTool-Cloud\opentool-ui\src\components\menu\authority\AdministratorUser.vue", "Vue", 0, 0, 8, 0, 0, 0, 0, 0, 2, 10
"f:\JavaProject\SpringCloud\projects\OpenTool-Cloud\opentool-ui\src\components\menu\authority\CommonUser.vue", "Vue", 0, 0, 8, 0, 0, 0, 0, 0, 2, 10
"f:\JavaProject\SpringCloud\projects\OpenTool-Cloud\opentool-ui\src\components\menu\dashboard\DataAnalysis.vue", "Vue", 0, 0, 244, 0, 0, 0, 0, 9, 21, 274
"f:\JavaProject\SpringCloud\projects\OpenTool-Cloud\opentool-ui\src\components\menu\dashboard\WorkBench.vue", "Vue", 0, 0, 286, 0, 0, 0, 0, 7, 17, 310
"f:\JavaProject\SpringCloud\projects\OpenTool-Cloud\opentool-ui\src\components\menu\dashboard\dateAnalysis-charts\DateBarChart.vue", "Vue", 0, 0, 114, 0, 0, 0, 0, 4, 11, 129
"f:\JavaProject\SpringCloud\projects\OpenTool-Cloud\opentool-ui\src\components\menu\dashboard\dateAnalysis-charts\DateCirclePie.vue", "Vue", 0, 0, 77, 0, 0, 0, 0, 2, 10, 89
"f:\JavaProject\SpringCloud\projects\OpenTool-Cloud\opentool-ui\src\components\menu\dashboard\dateAnalysis-charts\DateLineChart.vue", "Vue", 0, 0, 198, 0, 0, 0, 0, 4, 12, 214
"f:\JavaProject\SpringCloud\projects\OpenTool-Cloud\opentool-ui\src\components\menu\dashboard\dateAnalysis-charts\DateNightingaleChart.vue", "Vue", 0, 0, 63, 0, 0, 0, 0, 2, 10, 75
"f:\JavaProject\SpringCloud\projects\OpenTool-Cloud\opentool-ui\src\components\menu\dashboard\dateAnalysis-charts\DateRadarChart.vue", "Vue", 0, 0, 77, 0, 0, 0, 0, 2, 10, 89
"f:\JavaProject\SpringCloud\projects\OpenTool-Cloud\opentool-ui\src\components\menu\dashboard\echarts\BarChart.vue", "Vue", 0, 0, 441, 0, 0, 0, 0, 14, 11, 466
"f:\JavaProject\SpringCloud\projects\OpenTool-Cloud\opentool-ui\src\components\menu\dashboard\echarts\LineChart.vue", "Vue", 0, 0, 140, 0, 0, 0, 0, 2, 8, 150
"f:\JavaProject\SpringCloud\projects\OpenTool-Cloud\opentool-ui\src\components\menu\dashboard\echarts\PieChart.vue", "Vue", 0, 0, 36, 0, 0, 0, 0, 0, 2, 38
"f:\JavaProject\SpringCloud\projects\OpenTool-Cloud\opentool-ui\src\components\menu\dashboard\echarts\SampleGraph.vue", "Vue", 0, 0, 64, 0, 0, 0, 0, 2, 10, 76
"f:\JavaProject\SpringCloud\projects\OpenTool-Cloud\opentool-ui\src\components\menu\dashboard\echarts\pies\CirclePie.vue", "Vue", 0, 0, 78, 0, 0, 0, 0, 2, 9, 89
"f:\JavaProject\SpringCloud\projects\OpenTool-Cloud\opentool-ui\src\components\menu\dashboard\echarts\pies\CustomPie.vue", "Vue", 0, 0, 67, 0, 0, 0, 0, 2, 8, 77
"f:\JavaProject\SpringCloud\projects\OpenTool-Cloud\opentool-ui\src\components\menu\dashboard\echarts\pies\DataSharedPie.vue", "Vue", 0, 0, 112, 0, 0, 0, 0, 2, 9, 123
"f:\JavaProject\SpringCloud\projects\OpenTool-Cloud\opentool-ui\src\components\menu\dashboard\form-design\BasicForms.vue", "Vue", 0, 0, 142, 0, 0, 0, 0, 7, 6, 155
"f:\JavaProject\SpringCloud\projects\OpenTool-Cloud\opentool-ui\src\components\menu\dashboard\form-design\StepForms.vue", "Vue", 0, 0, 112, 0, 0, 0, 0, 2, 13, 127
"f:\JavaProject\SpringCloud\projects\OpenTool-Cloud\opentool-ui\src\components\menu\dashboard\form-design\step-form-parts\StepFour.vue", "Vue", 0, 0, 118, 0, 0, 0, 0, 1, 8, 127
"f:\JavaProject\SpringCloud\projects\OpenTool-Cloud\opentool-ui\src\components\menu\dashboard\form-design\step-form-parts\StepOne.vue", "Vue", 0, 0, 103, 0, 0, 0, 0, 10, 3, 116
"f:\JavaProject\SpringCloud\projects\OpenTool-Cloud\opentool-ui\src\components\menu\dashboard\form-design\step-form-parts\StepThree.vue", "Vue", 0, 0, 32, 0, 0, 0, 0, 0, 5, 37
"f:\JavaProject\SpringCloud\projects\OpenTool-Cloud\opentool-ui\src\components\menu\dashboard\form-design\step-form-parts\StepTwo.vue", "Vue", 0, 0, 33, 0, 0, 0, 0, 1, 3, 37
"f:\JavaProject\SpringCloud\projects\OpenTool-Cloud\opentool-ui\src\components\menu\dashboard\form-design\step-form-parts\graph\DAG.vue", "Vue", 0, 0, 132, 0, 0, 0, 0, 8, 10, 150
"f:\JavaProject\SpringCloud\projects\OpenTool-Cloud\opentool-ui\src\components\menu\dashboard\form-design\step-form-parts\graph\KnowlegeGraph.vue", "Vue", 0, 0, 69, 0, 0, 0, 0, 2, 10, 81
"f:\JavaProject\SpringCloud\projects\OpenTool-Cloud\opentool-ui\src\components\menu\dashboard\workbench-tab-pane\PapaerList.vue", "Vue", 0, 0, 177, 0, 0, 0, 0, 7, 10, 194
"f:\JavaProject\SpringCloud\projects\OpenTool-Cloud\opentool-ui\src\components\menu\dashboard\workbench-tab-pane\ServiceList.vue", "Vue", 0, 0, 177, 0, 0, 0, 0, 7, 10, 194
"f:\JavaProject\SpringCloud\projects\OpenTool-Cloud\opentool-ui\src\components\menu\dashboard\workbench-tab-pane\UserList.vue", "Vue", 0, 0, 226, 0, 0, 0, 0, 22, 25, 273
"f:\JavaProject\SpringCloud\projects\OpenTool-Cloud\opentool-ui\src\components\menu\general-tool\JsonTool.vue", "Vue", 0, 0, 8, 0, 0, 0, 0, 0, 2, 10
"f:\JavaProject\SpringCloud\projects\OpenTool-Cloud\opentool-ui\src\components\menu\general-tool\editor\MarkDown.vue", "Vue", 0, 0, 12, 0, 0, 0, 0, 0, 2, 14
"f:\JavaProject\SpringCloud\projects\OpenTool-Cloud\opentool-ui\src\components\menu\general-tool\editor\RichTextEditor.vue", "Vue", 0, 0, 12, 0, 0, 0, 0, 0, 2, 14
"f:\JavaProject\SpringCloud\projects\OpenTool-Cloud\opentool-ui\src\components\menu\general-tool\editor\markdowneditor\CherryMarkDown.vue", "Vue", 0, 0, 51, 0, 0, 0, 0, 1, 5, 57
"f:\JavaProject\SpringCloud\projects\OpenTool-Cloud\opentool-ui\src\components\menu\general-tool\editor\wangEditor\WangRichEditor.vue", "Vue", 0, 0, 58, 0, 0, 0, 0, 4, 11, 73
"f:\JavaProject\SpringCloud\projects\OpenTool-Cloud\opentool-ui\src\components\menu\general-tool\image-tool\FormatConverter.vue", "Vue", 0, 0, 118, 0, 0, 0, 0, 1, 9, 128
"f:\JavaProject\SpringCloud\projects\OpenTool-Cloud\opentool-ui\src\components\menu\general-tool\image-tool\ImageResize.vue", "Vue", 0, 0, 10, 0, 0, 0, 0, 0, 2, 12
"f:\JavaProject\SpringCloud\projects\OpenTool-Cloud\opentool-ui\src\components\menu\low-code-design-platform\LowCodeGenerator.vue", "Vue", 0, 0, 8, 0, 0, 0, 0, 0, 2, 10
"f:\JavaProject\SpringCloud\projects\OpenTool-Cloud\opentool-ui\src\config\config.js", "JavaScript", 5, 0, 0, 0, 0, 0, 0, 1, 2, 8
"f:\JavaProject\SpringCloud\projects\OpenTool-Cloud\opentool-ui\src\lang\en_US.js", "JavaScript", 103, 0, 0, 0, 0, 0, 0, 0, 2, 105
"f:\JavaProject\SpringCloud\projects\OpenTool-Cloud\opentool-ui\src\lang\index.js", "JavaScript", 11, 0, 0, 0, 0, 0, 0, 1, 2, 14
"f:\JavaProject\SpringCloud\projects\OpenTool-Cloud\opentool-ui\src\lang\zh_CN.js", "JavaScript", 103, 0, 0, 0, 0, 0, 0, 0, 0, 103
"f:\JavaProject\SpringCloud\projects\OpenTool-Cloud\opentool-ui\src\live2D\iconfont.js", "JavaScript", 1, 0, 0, 0, 0, 0, 0, 0, 0, 1
"f:\JavaProject\SpringCloud\projects\OpenTool-Cloud\opentool-ui\src\live2D\live2d.min.js", "JavaScript", 7471, 0, 0, 0, 0, 0, 0, 0, 1, 7472
"f:\JavaProject\SpringCloud\projects\OpenTool-Cloud\opentool-ui\src\live2D\live2dcubismcore.js", "JavaScript", 469, 0, 0, 0, 0, 0, 0, 215, 0, 684
"f:\JavaProject\SpringCloud\projects\OpenTool-Cloud\opentool-ui\src\live2D\live2dcubismcore.min.js", "JavaScript", 15646, 0, 0, 0, 0, 0, 0, 8, 162, 15816
"f:\JavaProject\SpringCloud\projects\OpenTool-Cloud\opentool-ui\src\main.js", "JavaScript", 23, 0, 0, 0, 0, 0, 0, 7, 6, 36
"f:\JavaProject\SpringCloud\projects\OpenTool-Cloud\opentool-ui\src\router\index.js", "JavaScript", 7, 0, 0, 0, 0, 0, 0, 0, 2, 9
"f:\JavaProject\SpringCloud\projects\OpenTool-Cloud\opentool-ui\src\router\routes.js", "JavaScript", 26, 0, 0, 0, 0, 0, 0, 0, 1, 27
"f:\JavaProject\SpringCloud\projects\OpenTool-Cloud\opentool-ui\vite.config.js", "JavaScript", 11, 0, 0, 0, 0, 0, 0, 0, 3, 14
"Total", "-", 23887, 49, 4301, 205281, 846, 14, 554, 504, 871, 236307